<aiplugin name="msdynaib_InquiryQuotationDateExtraction">
  <humandescription>Extract the specified  entityToBeExtracted ,  from the provided  input text  . Identify and return only the date from the provided document content. Do not include any additional text or explanation in your response.
</humandescription>
  <humanname>Inquiry_Quotation Date Extraction</humanname>
  <iscustomizable>1</iscustomizable>
  <modeldescription>Extract the specified  entityToBeExtracted ,  from the provided  input text  . Identify and return only the date from the provided document content. Do not include any additional text or explanation in your response.
</modeldescription>
  <modelname>Inquiry_Quotation Date Extraction</modelname>
  <plugintype>0</plugintype>
  <schemaversion>0</schemaversion>
  <statecode>0</statecode>
  <statuscode>1</statuscode>
</aiplugin>