<customapi uniquename="msdyn_aibdptinquiryquotationdateextractionb4fac42c38bd4291a0249d77b4e17dfc">
  <allowedcustomprocessingsteptype>0</allowedcustomprocessingsteptype>
  <bindingtype>0</bindingtype>
  <description default="Extract the specified  entityToBeExtracted ,  from the provided  input text  . Identify and return only the date from the provided document content. Do not include any additional text or explanation in your response.&#xA;">
    <label description="Extract the specified  entityToBeExtracted ,  from the provided  input text  . Identify and return only the date from the provided document content. Do not include any additional text or explanation in your response.&#xA;" languagecode="1033" />
  </description>
  <displayname default="Inquiry_Quotation Date Extraction">
    <label description="Inquiry_Quotation Date Extraction" languagecode="1033" />
  </displayname>
  <iscustomizable>0</iscustomizable>
  <isfunction>0</isfunction>
  <isprivate>0</isprivate>
  <name>InquiryQuotationDateExtraction</name>
  <plugintypeid>
    <plugintypeexportkey>727e8789-bd29-46fa-b00a-3a49605eeb06</plugintypeexportkey>
  </plugintypeid>
  <workflowsdkstepenabled>0</workflowsdkstepenabled>
</customapi>