<ImportExportXml version="9.2.24024.178" SolutionPackageVersion="9.2" languagecode="1033" generatedBy="CrmLive" xmlns:xsi="http://www.w3.org/2001/XMLSchema-instance">
  <SolutionManifest>
    <UniqueName>AIDocumentArchival</UniqueName>
    <LocalizedNames>
      <LocalizedName description="AI Document Archival" languagecode="1033" />
    </LocalizedNames>
    <Descriptions />
    <Version>1.0.0.4</Version>
    <Managed>0</Managed>
    <Publisher>
      <UniqueName>Priyan</UniqueName>
      <LocalizedNames>
        <LocalizedName description="Priyan" languagecode="1033" />
      </LocalizedNames>
      <Descriptions />
      <EMailAddress xsi:nil="true"></EMailAddress>
      <SupportingWebsiteUrl xsi:nil="true"></SupportingWebsiteUrl>
      <CustomizationPrefix>priyan</CustomizationPrefix>
      <CustomizationOptionValuePrefix>24129</CustomizationOptionValuePrefix>
      <Addresses>
        <Address>
          <AddressNumber>1</AddressNumber>
          <AddressTypeCode>1</AddressTypeCode>
          <City xsi:nil="true"></City>
          <County xsi:nil="true"></County>
          <Country xsi:nil="true"></Country>
          <Fax xsi:nil="true"></Fax>
          <FreightTermsCode xsi:nil="true"></FreightTermsCode>
          <ImportSequenceNumber xsi:nil="true"></ImportSequenceNumber>
          <Latitude xsi:nil="true"></Latitude>
          <Line1 xsi:nil="true"></Line1>
          <Line2 xsi:nil="true"></Line2>
          <Line3 xsi:nil="true"></Line3>
          <Longitude xsi:nil="true"></Longitude>
          <Name xsi:nil="true"></Name>
          <PostalCode xsi:nil="true"></PostalCode>
          <PostOfficeBox xsi:nil="true"></PostOfficeBox>
          <PrimaryContactName xsi:nil="true"></PrimaryContactName>
          <ShippingMethodCode>1</ShippingMethodCode>
          <StateOrProvince xsi:nil="true"></StateOrProvince>
          <Telephone1 xsi:nil="true"></Telephone1>
          <Telephone2 xsi:nil="true"></Telephone2>
          <Telephone3 xsi:nil="true"></Telephone3>
          <TimeZoneRuleVersionNumber xsi:nil="true"></TimeZoneRuleVersionNumber>
          <UPSZone xsi:nil="true"></UPSZone>
          <UTCOffset xsi:nil="true"></UTCOffset>
          <UTCConversionTimeZoneCode xsi:nil="true"></UTCConversionTimeZoneCode>
        </Address>
        <Address>
          <AddressNumber>2</AddressNumber>
          <AddressTypeCode>1</AddressTypeCode>
          <City xsi:nil="true"></City>
          <County xsi:nil="true"></County>
          <Country xsi:nil="true"></Country>
          <Fax xsi:nil="true"></Fax>
          <FreightTermsCode xsi:nil="true"></FreightTermsCode>
          <ImportSequenceNumber xsi:nil="true"></ImportSequenceNumber>
          <Latitude xsi:nil="true"></Latitude>
          <Line1 xsi:nil="true"></Line1>
          <Line2 xsi:nil="true"></Line2>
          <Line3 xsi:nil="true"></Line3>
          <Longitude xsi:nil="true"></Longitude>
          <Name xsi:nil="true"></Name>
          <PostalCode xsi:nil="true"></PostalCode>
          <PostOfficeBox xsi:nil="true"></PostOfficeBox>
          <PrimaryContactName xsi:nil="true"></PrimaryContactName>
          <ShippingMethodCode>1</ShippingMethodCode>
          <StateOrProvince xsi:nil="true"></StateOrProvince>
          <Telephone1 xsi:nil="true"></Telephone1>
          <Telephone2 xsi:nil="true"></Telephone2>
          <Telephone3 xsi:nil="true"></Telephone3>
          <TimeZoneRuleVersionNumber xsi:nil="true"></TimeZoneRuleVersionNumber>
          <UPSZone xsi:nil="true"></UPSZone>
          <UTCOffset xsi:nil="true"></UTCOffset>
          <UTCConversionTimeZoneCode xsi:nil="true"></UTCConversionTimeZoneCode>
        </Address>
      </Addresses>
    </Publisher>
    <RootComponents>
      <RootComponent type="29" id="{b5fa38ba-d5e9-ee11-a203-7c1e52187f7f}" behavior="0" />
      <RootComponent type="29" id="{c3fa38ba-d5e9-ee11-a203-7c1e52187f7f}" behavior="0" />
      <RootComponent type="300" schemaName="priyan_documentextraction_9f5f7" behavior="0" />
      <RootComponent type="401" id="{697fc2fa-a0b1-4ac2-a6df-56559c9a3b9f}" behavior="0" />
      <RootComponent type="401" id="{b4fac42c-38bd-4291-a024-9d77b4e17dfc}" behavior="0" />
    </RootComponents>
    <MissingDependencies>
      <MissingDependency>
        <Required type="90" schemaName="Microsoft.Dynamics.AI.Plugins.CustomApis.AIPluginPredict, Microsoft.Dynamics.AI.Plugins, Version=1.0.0.0, Culture=neutral, PublicKeyToken=31bf3856ad364e35" displayName="Microsoft.Dynamics.AI.Plugins.CustomApis.AIPluginPredict" solution="msdyn_AISolution (202403.1.0.1)" id="{727e8789-bd29-46fa-b00a-3a49605eeb06}">
          <package>msdyn_AISolutionAnchor (202403.1.0.1)</package>
        </Required>
        <Dependent type="CustomAPI" displayName="msdyn_aibdptinquiryquotationclassifier697fc2faa0b14ac2a6df56559c9a3b9f" id.uniquename="msdyn_aibdptinquiryquotationclassifier697fc2faa0b14ac2a6df56559c9a3b9f" />
      </MissingDependency>
      <MissingDependency>
        <Required type="90" schemaName="Microsoft.Dynamics.AI.Plugins.CustomApis.AIPluginPredict, Microsoft.Dynamics.AI.Plugins, Version=1.0.0.0, Culture=neutral, PublicKeyToken=31bf3856ad364e35" displayName="Microsoft.Dynamics.AI.Plugins.CustomApis.AIPluginPredict" solution="msdyn_AISolution (202403.1.0.1)" id="{727e8789-bd29-46fa-b00a-3a49605eeb06}">
          <package>msdyn_AISolutionAnchor (202403.1.0.1)</package>
        </Required>
        <Dependent type="CustomAPI" displayName="msdyn_aibdptinquiryquotationdateextractionb4fac42c38bd4291a0249d77b4e17dfc" id.uniquename="msdyn_aibdptinquiryquotationdateextractionb4fac42c38bd4291a0249d77b4e17dfc" />
      </MissingDependency>
    </MissingDependencies>
  </SolutionManifest>
</ImportExportXml>