<aipluginoperation aiplugin.name="msdynaib_InquiryQuotationClassifier" operationid="msdynaib_InquiryQuotationClassifier">
  <aipluginoperationexportkey>aiplugin.name=msdynaib_InquiryQuotationClassifier,operationid=msdynaib_InquiryQuotationClassifier</aipluginoperationexportkey>
  <customapi>
    <uniquename>msdyn_aibdptinquiryquotationclassifier697fc2faa0b14ac2a6df56559c9a3b9f</uniquename>
  </customapi>
  <description>Please analyze the content provided to determine if document is an Inquiry or a Quotation. Consider the following criteria for each type:

- Inquiry documents typically:
  - Are requests for information about products or services.
  - Ask about the availability, specifications, or pricing of ite</description>
  <iscustomizable>1</iscustomizable>
  <msdyn_aimodel>
    <msdyn_aimodelid>697fc2fa-a0b1-4ac2-a6df-56559c9a3b9f</msdyn_aimodelid>
  </msdyn_aimodel>
  <name>msdynaib_InquiryQuotationClassifier</name>
</aipluginoperation>