<aipluginoperation aiplugin.name="msdynaib_InquiryQuotationDateExtraction" operationid="msdynaib_InquiryQuotationDateExtraction">
  <aipluginoperationexportkey>aiplugin.name=msdynaib_InquiryQuotationDateExtraction,operationid=msdynaib_InquiryQuotationDateExtraction</aipluginoperationexportkey>
  <customapi>
    <uniquename>msdyn_aibdptinquiryquotationdateextractionb4fac42c38bd4291a0249d77b4e17dfc</uniquename>
  </customapi>
  <description>Extract the specified  entityToBeExtracted ,  from the provided  input text  . Identify and return only the date from the provided document content. Do not include any additional text or explanation in your response.
</description>
  <iscustomizable>1</iscustomizable>
  <msdyn_aimodel>
    <msdyn_aimodelid>b4fac42c-38bd-4291-a024-9d77b4e17dfc</msdyn_aimodelid>
  </msdyn_aimodel>
  <name>msdynaib_InquiryQuotationDateExtraction</name>
</aipluginoperation>