{
  "properties": {
    "connectionReferences": {
      "shared_commondataserviceforapps": {
        "impersonation": {},
        "runtimeSource": "embedded",
        "connection": {
          "connectionReferenceLogicalName": "priyan_sharedcommondataserviceforapps_62986"
        },
        "api": {
          "name": "shared_commondataserviceforapps"
        }
      },
      "shared_approvals": {
        "runtimeSource": "invoker",
        "connection": {
          "connectionReferenceLogicalName": "priyan_sharedapprovals_c2e9a"
        },
        "api": {
          "name": "shared_approvals"
        }
      }
    },
    "definition": {
      "$schema": "https://schema.management.azure.com/providers/Microsoft.Logic/schemas/2016-06-01/workflowdefinition.json#",
      "contentVersion": "1.0.0.0",
      "parameters": {
        "$connections": {
          "defaultValue": {},
          "type": "Object"
        },
        "$authentication": {
          "defaultValue": {},
          "type": "SecureObject"
        }
      },
      "staticResults": {
        "Start_and_wait_for_an_approval_of_text0": {
          "status": "Succeeded",
          "outputs": {
            "statusCode": "OK",
            "headers": {}
          }
        }
      },
      "triggers": {
        "manual": {
          "metadata": {
            "operationMetadataId": "905608e3-e780-4d9e-93b9-641482f40962"
          },
          "type": "Request",
          "kind": "PowerAppV2",
          "inputs": {
            "schema": {
              "type": "object",
              "properties": {
                "file": {
                  "title": "File Content",
                  "type": "object",
                  "x-ms-dynamically-added": true,
                  "description": "Please select file or image",
                  "x-ms-content-hint": "FILE",
                  "properties": {
                    "name": {
                      "type": "string"
                    },
                    "contentBytes": {
                      "type": "string",
                      "format": "byte"
                    }
                  }
                }
              },
              "required": []
            }
          }
        }
      },
      "actions": {
        "Recognize_text_in_an_image_or_a_PDF_document": {
          "runAfter": {},
          "metadata": {
            "operationMetadataId": "309fa3b6-7e86-4173-8c96-9888dfeb9b2f",
            "flowSystemMetadata": {
              "portalOperationId": "aibuilderpredict_textrecognition",
              "portalOperationGroup": "aibuilder",
              "portalOperationApiDisplayNameOverride": "AI Builder",
              "portalOperationIconOverride": "https://content.powerapps.com/resource/makerx/static/pauto/images/designeroperations/aiBuilderNew.51dbdb6b.png",
              "portalOperationBrandColorOverride": "#0A76C4",
              "portalOperationApiTierOverride": "Standard"
            }
          },
          "type": "OpenApiConnection",
          "inputs": {
            "host": {
              "apiId": "/providers/Microsoft.PowerApps/apis/shared_commondataserviceforapps",
              "connectionName": "shared_commondataserviceforapps",
              "operationId": "aibuilderpredict_textrecognition"
            },
            "parameters": {
              "item/requestv2/base64Encoded": "@base64ToBinary(triggerBody()?['file']?['contentBytes'])",
              "recordId": "86419a67-205a-454f-b6fc-601394f2786d"
            },
            "authentication": "@parameters('$authentication')"
          }
        },
        "Compose": {
          "runAfter": {
            "Join": [
              "Succeeded"
            ]
          },
          "metadata": {
            "operationMetadataId": "7e26ec5b-badd-4ab7-ae2f-c8152b15d14d"
          },
          "type": "Compose",
          "inputs": "@body('Join')"
        },
        "Initialize_variable": {
          "runAfter": {
            "Recognize_text_in_an_image_or_a_PDF_document": [
              "Succeeded"
            ]
          },
          "metadata": {
            "operationMetadataId": "682221d7-4458-415b-a383-02b3a77cd949"
          },
          "type": "InitializeVariable",
          "inputs": {
            "variables": [
              {
                "name": "varExtractedContent",
                "type": "array"
              }
            ]
          }
        },
        "Apply_to_each": {
          "foreach": "@outputs('Recognize_text_in_an_image_or_a_PDF_document')?['body/responsev2/predictionOutput/results']",
          "actions": {
            "Apply_to_each_2": {
              "foreach": "@items('Apply_to_each')?['lines']",
              "actions": {
                "Append_to_array_variable": {
                  "runAfter": {},
                  "metadata": {
                    "operationMetadataId": "bdbf5bd0-b3c7-49fc-84ba-a7842952837e"
                  },
                  "type": "AppendToArrayVariable",
                  "inputs": {
                    "name": "varExtractedContent",
                    "value": "@items('Apply_to_each_2')?['text']"
                  }
                }
              },
              "runAfter": {},
              "metadata": {
                "operationMetadataId": "67e35576-37de-4660-8cfb-02f8af9c1cc9"
              },
              "type": "Foreach"
            }
          },
          "runAfter": {
            "Initialize_variable": [
              "Succeeded"
            ]
          },
          "metadata": {
            "operationMetadataId": "e67c98db-1037-4651-977a-7fa303c35437"
          },
          "type": "Foreach"
        },
        "Join": {
          "runAfter": {
            "Apply_to_each": [
              "Succeeded"
            ]
          },
          "metadata": {
            "operationMetadataId": "de870064-5fc1-4565-8f75-c42339405ec2"
          },
          "type": "Join",
          "inputs": {
            "from": "@variables('varExtractedContent')",
            "joinWith": " @{decodeUriComponent('%0A')}"
          }
        },
        "Create_text_with_GPT_using_a_prompt": {
          "runAfter": {
            "Compose": [
              "Succeeded"
            ]
          },
          "metadata": {
            "operationMetadataId": "3a2d4f8d-75f3-4eba-985c-62b9c0a5d3aa",
            "flowSystemMetadata": {
              "portalOperationId": "aibuilderpredict_customprompt",
              "portalOperationGroup": "aibuilder",
              "portalOperationApiDisplayNameOverride": "AI Builder",
              "portalOperationIconOverride": "https://content.powerapps.com/resource/makerx/static/pauto/images/designeroperations/aiBuilderNew.51dbdb6b.png",
              "portalOperationBrandColorOverride": "#0A76C4",
              "portalOperationApiTierOverride": "Standard"
            }
          },
          "type": "OpenApiConnection",
          "inputs": {
            "host": {
              "apiId": "/providers/Microsoft.PowerApps/apis/shared_commondataserviceforapps",
              "connectionName": "shared_commondataserviceforapps",
              "operationId": "aibuilderpredict_customprompt"
            },
            "parameters": {
              "recordId": "697fc2fa-a0b1-4ac2-a6df-56559c9a3b9f",
              "item/requestv2/inputText": "@outputs('Compose')",
              "item/requestv2/inputCategories": "Inquiry,Quotation"
            },
            "authentication": "@parameters('$authentication')"
          }
        },
        "Start_and_wait_for_an_approval_of_text": {
          "runAfter": {
            "Create_text_with_GPT_using_a_prompt": [
              "Succeeded"
            ]
          },
          "metadata": {
            "operationMetadataId": "7fd34744-b760-4ddc-b76c-14104bd923c9"
          },
          "type": "OpenApiConnectionWebhook",
          "inputs": {
            "host": {
              "apiId": "/providers/Microsoft.PowerApps/apis/shared_approvals",
              "connectionName": "shared_approvals",
              "operationId": "StartAndWaitForATextSuggestionApproval"
            },
            "parameters": {
              "WebhookTextSuggestionApprovalCreationInput/title": "test",
              "WebhookTextSuggestionApprovalCreationInput/suggestedText": "test",
              "WebhookTextSuggestionApprovalCreationInput/assignedTo": "priyan@office365journey.onmicrosoft.com",
              "WebhookTextSuggestionApprovalCreationInput/enableNotifications": true,
              "WebhookTextSuggestionApprovalCreationInput/enableReassignment": true
            },
            "authentication": {
              "value": "@json(decodeBase64(triggerOutputs().headers['X-MS-APIM-Tokens']))['$ConnectionKey']",
              "type": "Raw"
            }
          },
          "runtimeConfiguration": {
            "staticResult": {
              "staticResultOptions": "Enabled",
              "name": "Start_and_wait_for_an_approval_of_text0"
            }
          }
        },
        "Respond_to_a_PowerApp_or_flow": {
          "runAfter": {
            "Start_and_wait_for_an_approval_of_text_2": [
              "Succeeded"
            ]
          },
          "metadata": {
            "operationMetadataId": "a4681799-254b-47bf-a802-52825bb04e1b"
          },
          "type": "Response",
          "kind": "PowerApp",
          "inputs": {
            "statusCode": 200,
            "body": {
              "varinquiry_quotation": "@outputs('Create_text_with_GPT_using_a_prompt')?['body/responsev2/predictionOutput/text']",
              "varextractedcontent": "@{outputs('Compose')}",
              "varinquiry_quotationdate": "@outputs('Create_text_with_GPT_using_a_prompt_2')?['body/responsev2/predictionOutput/text']"
            },
            "schema": {
              "type": "object",
              "properties": {
                "varinquiry_quotation": {
                  "title": "varInquiry_Quotation",
                  "x-ms-dynamically-added": true,
                  "type": "string"
                },
                "varextractedcontent": {
                  "title": "varExtractedContent",
                  "x-ms-dynamically-added": true,
                  "type": "string"
                },
                "varinquiry_quotationdate": {
                  "title": "varInquiry_QuotationDate",
                  "x-ms-dynamically-added": true,
                  "type": "string"
                }
              }
            }
          }
        },
        "Create_text_with_GPT_using_a_prompt_2": {
          "runAfter": {
            "Start_and_wait_for_an_approval_of_text": [
              "Succeeded"
            ]
          },
          "metadata": {
            "operationMetadataId": "230e4411-0f3f-48db-a1e9-a2b599674357",
            "flowSystemMetadata": {
              "portalOperationId": "aibuilderpredict_customprompt",
              "portalOperationGroup": "aibuilder",
              "portalOperationApiDisplayNameOverride": "AI Builder",
              "portalOperationIconOverride": "https://content.powerapps.com/resource/makerx/static/pauto/images/designeroperations/aiBuilderNew.51dbdb6b.png",
              "portalOperationBrandColorOverride": "#0A76C4",
              "portalOperationApiTierOverride": "Standard"
            }
          },
          "type": "OpenApiConnection",
          "inputs": {
            "host": {
              "apiId": "/providers/Microsoft.PowerApps/apis/shared_commondataserviceforapps",
              "connectionName": "shared_commondataserviceforapps",
              "operationId": "aibuilderpredict_customprompt"
            },
            "parameters": {
              "recordId": "b4fac42c-38bd-4291-a024-9d77b4e17dfc",
              "item/requestv2/inputText": "@outputs('Compose')",
              "item/requestv2/entityToBeExtracted": "Inquiry or Quotation Date"
            },
            "authentication": "@parameters('$authentication')"
          }
        },
        "Start_and_wait_for_an_approval_of_text_2": {
          "runAfter": {
            "Create_text_with_GPT_using_a_prompt_2": [
              "Succeeded"
            ]
          },
          "metadata": {
            "operationMetadataId": "7fd34744-b760-4ddc-b76c-14104bd923c9"
          },
          "type": "OpenApiConnectionWebhook",
          "inputs": {
            "host": {
              "apiId": "/providers/Microsoft.PowerApps/apis/shared_approvals",
              "connectionName": "shared_approvals",
              "operationId": "StartAndWaitForATextSuggestionApproval"
            },
            "parameters": {
              "WebhookTextSuggestionApprovalCreationInput/title": "test",
              "WebhookTextSuggestionApprovalCreationInput/suggestedText": "test",
              "WebhookTextSuggestionApprovalCreationInput/assignedTo": "priyan@office365journey.onmicrosoft.com",
              "WebhookTextSuggestionApprovalCreationInput/enableNotifications": true,
              "WebhookTextSuggestionApprovalCreationInput/enableReassignment": true
            },
            "authentication": {
              "value": "@json(decodeBase64(triggerOutputs().headers['X-MS-APIM-Tokens']))['$ConnectionKey']",
              "type": "Raw"
            }
          },
          "runtimeConfiguration": {
            "staticResult": {
              "staticResultOptions": "Enabled",
              "name": "Start_and_wait_for_an_approval_of_text0"
            }
          }
        }
      }
    },
    "templateName": null
  },
  "schemaVersion": "1.0.0.0"
}