<customapi uniquename="msdyn_aibdptinquiryquotationclassifier697fc2faa0b14ac2a6df56559c9a3b9f">
  <allowedcustomprocessingsteptype>0</allowedcustomprocessingsteptype>
  <bindingtype>0</bindingtype>
  <description default="Please analyze the content provided to determine if document is an Inquiry or a Quotation. Consider the following criteria for each type:&#xD;&#xA;&#xD;&#xA;- Inquiry documents typically:&#xD;&#xA;  - Are requests for information about products or services.&#xD;&#xA;  - Ask about the availability, specifications, or pricing of ite">
    <label description="Please analyze the content provided to determine if document is an Inquiry or a Quotation. Consider the following criteria for each type:&#xD;&#xA;&#xD;&#xA;- Inquiry documents typically:&#xD;&#xA;  - Are requests for information about products or services.&#xD;&#xA;  - Ask about the availability, specifications, or pricing of ite" languagecode="1033" />
  </description>
  <displayname default="Inquiry_Quotation Classifier">
    <label description="Inquiry_Quotation Classifier" languagecode="1033" />
  </displayname>
  <iscustomizable>0</iscustomizable>
  <isfunction>0</isfunction>
  <isprivate>0</isprivate>
  <name>InquiryQuotationClassifier</name>
  <plugintypeid>
    <plugintypeexportkey>727e8789-bd29-46fa-b00a-3a49605eeb06</plugintypeexportkey>
  </plugintypeid>
  <workflowsdkstepenabled>0</workflowsdkstepenabled>
</customapi>