<aiplugin name="msdynaib_InquiryQuotationClassifier">
  <humandescription>Please analyze the content provided to determine if document is an Inquiry or a Quotation. Consider the following criteria for each type:

- Inquiry documents typically:
  - Are requests for information about products or services.
  - Ask about the availability, specifications, or pricing of ite</humandescription>
  <humanname>Inquiry_Quotation Classifier</humanname>
  <iscustomizable>1</iscustomizable>
  <modeldescription>Please analyze the content provided to determine if document is an Inquiry or a Quotation. Consider the following criteria for each type:

- Inquiry documents typically:
  - Are requests for information about products or services.
  - Ask about the availability, specifications, or pricing of ite</modeldescription>
  <modelname>Inquiry_Quotation Classifier</modelname>
  <plugintype>0</plugintype>
  <schemaversion>0</schemaversion>
  <statecode>0</statecode>
  <statuscode>1</statuscode>
</aiplugin>